국가,업체,부품·상위 분류,대표 제품·공개 사양,CIOE 2026 참가,공식 홈페이지,제품·근거 자료,공식 문의 이메일,앱 반영,비고
중국,Suzhou TFC Optical Communication,광엔진·FAU/PM·렌즈어레이·광부품,"CIOE 2026 official listing: Optical Engine, FAU/PM products, isolators, lens arrays, fiber assemblies; Hall 13 Booth 13A65",예,https://www.tfc.com.cn/,https://exhibitors.cioe.cn/jtycn/zsen82294.html,,기존업체,CIOE 참가사 표기·제품 범위 확인. 상세 사양은 SKU별 문의 필요
중국,YOFC,PM 광섬유·단일모드·특수광섬유,R5 bend-insensitive PMF for component; official page says used in CPO and 800G SiPh transceivers; CIOE 2026 Hall 11 Booth 11B31,예,https://en.yofc.com/,https://en.yofc.com/view/3205.html,400@yofc.com,기존업체,PM1310 generic datasheet values are explicitly kept separate from R5 CPO SKU
중국,Hengtong Optic-Electric,광섬유·케이블·HCF·MCF,"CIOE 2026 exhibitor entry lists HCF, MCF, OM4 and optical fiber/cable; booth 11A51",예,https://www.hengtongglobal.com/,https://exhibitors.cioe.cn/jtycn/zs71957.html,,기존업체,문의는 공식 inquiry form
중국,Accelink Technologies,광모듈·트랜시버,CIOE 2026 lists 800G OSFP DR8 SiPho and 1.6T OSFP-XD DR8; Accelink 800G DR8 model examples include 500 m SMF reach,예,https://www.accelink.com/en/,https://www.accelink.com/en/lighting_your_dreams/1745716334399913986.html,inquiry1@accelink.com,신규추가,SKU-specific optical budgets require the current datasheet
중국,InnoLight Technology,AI 데이터센터 광트랜시버,"CIOE 2026 exhibitor; official 800G-DR8 OSFP112 page lists 8×100G PAM4, MPO16/APC, up to 500 m SMF, 0–70°C",예,https://www.innolight.com/,https://www.innolight.com/en/goods/info.html?cid=6,IM-Sales@innolight.com,신규추가,CIOE 2026 official exhibitor page: https://exhibitors.cioe.cn/jtycn/zsen39116.html
중국,Eoptolink Technology,800G·1.6T 광모듈·AOC,CIOE 2026 exhibitor; official product portfolio lists QSFP-DD800/OSFP 800G and 1.6T OSFP product family,예,https://www.eoptolink.com/,https://www.eoptolink.com/product-solutions/1-6t,sales@eoptolink.com,신규추가,CIOE 2026 exhibitor page: https://exhibitors.cioe.cn/jtycn/zsen71944.html; verify model-specific reach/power on datasheet
대만,TSMC,SiPh 파운드리·COUPE 광엔진·패키징,COUPE™ silicon-photonics integration platform for CPO/optical I/O; product-specific performance is customer/platform dependent,해당없음,https://www.tsmc.com/,https://pr.tsmc.com/english/news/3136,G_sales_korea@tsmc.com,기존업체,"Foundry/platform capability, not a catalog PMF supplier"
대만,ASE Technology,CPO·VIPack 고급패키징·OSAT,ASE CPO demonstration and VIPack heterogeneous packaging; release discusses 1.6/3.2 Tb/s per-port architecture options,해당없음,https://www.aseglobal.com/,https://ase.aseglobal.com/press-room/ase-demonstrates-cpo-for-ai-applications/,,기존업체,Official inquiry page; no public sales email confirmed
대만,UMC,SiPh 파운드리·CPO 공정,"iSiPP300 transfer announcement identifies CPO compatibility, microring filters/modulators, GeSi EAM, low-loss fiber interfaces and 3D packaging",해당없음,https://www.umc.com/,https://www.umc.com/en/News/press_release/Content/technology_related/20251208,,기존업체,"Foundry process platform, not a merchant optical-fiber product"
대만,FIT Hon Teng,CPO ELS·광전기·고속 인터커넥트,FIT announced 102.4T CPO external-laser platform in ecosystem validation; also reports 1.6T connectivity portfolio,해당없음,https://www.fit-foxconn.com/,https://www.fit-foxconn.com/mainssl/modules/MySpace/BlogInfo.php?xmlid=28162,fit-ir@fit-foxconn.com,기존업체,FIT site identifies this as product/service inquiry contact
인도,HFCL,G.657.A2/G.652.D 단일모드 광섬유,"A2 190: cladding 125±0.7 µm; coating 190±10 µm; attenuation ≤0.35 dB/km @1310, ≤0.21 @1550, ≤0.23 @1625 nm",해당없음,https://www.hfcl.com/,https://www.hfcl.com/wp-content/uploads/2025/03/HFCL%20A2%20190%20Optical%20Fiber.pdf,iosales@hfcl.com,신규추가,Fiber supplier relevant to dense optical connectivity; not labeled as a CPO-specific PMF
인도,Sterlite Technologies (STL),G.657.A1 광섬유·광연결,"BOW-LITE PLUS: attenuation ≤0.33 dB/km @1310, ≤0.31 @1383, ≤0.20 @1550, ≤0.21 @1625 nm; product page shows 250 µm fiber diameter",해당없음,https://stl.tech/,https://stl.tech/new_pdf/pdf/of-pdf/BOW-LITE-PLUS.pdf,shweta.chaturvedi@stl.tech,신규추가,CPO direct part not claimed; data-center connectivity/SMF adjacent supplier
일본,Fujikura,PANDA PMF·단일모드 광섬유,SM13-PS-H90D: cladding 125±1 µm; MFD 9.0±0.5 µm; attenuation ≤1.0 dB/km @1310; crosstalk ≤−30 dB/100 m; R20 mm for 2% proof,해당없음,https://www.fujikura.co.jp/,https://www.fujikura.co.jp/eng/resource/pdf/td5039.pdf,optodevice@jp.fujikura.com,기존업체,Official optical-fiber division email listed in datasheet
일본,Sumitomo Electric,PMF·G.654.D 초저손실 광섬유,Z-PLUS 150: typical Aeff 150 µm² and attenuation 0.144/0.150 dB/km @1550 by variant; PMF CPO bend demo is a separate technology report,해당없음,https://sumitomoelectric.com/,https://sumitomoelectric.com/products/optical-fibers/z-fiber,,기존업체,"Compare only same model, wavelength and test condition"
일본,Furukawa Electric / Lightera,ClearLite TruePhase PMF·ClearLite specialty SMF,"TruePhase PMF standard crosstalk/extinction <−35 dB/100 m; ClearLite CL1550-17 example MFD 7.5 µm, cladding 125 µm, attenuation <0.6 dB/km @1550",해당없음,https://www.furukawa.co.jp/en/,https://www.furukawa.co.jp/telecom/product/opt_fiber/specialty_clearlite_ture.html,,기존업체,Detailed PMF spec PDF is linked on product page; email contact not publicly listed for Japan office
일본,NTT Innovative Devices,광전기 집적 서브어셈블리·광모듈·광엔진,"Official lineup includes optical/electrical integrated products and 25G–400G transceivers; 6.4T optical engine announced for ECOC 2026, detailed specs not published",해당없음,https://www.ntt-innovative-devices.com/en/,https://www.ntt-innovative-devices.com/en/optical_communications/optical_electrical.html,,신규추가,Official product inquiry form linked; no public inquiry email confirmed
